home_country,worst_destination,worst_destination
Afghanistan,United Arab Emirates,1
Argentina,Belgium,1
Argentina,Dominican Republic,1
Argentina,New Zealand,1
Australia,Australia,3
Australia,Malta,2
Australia,United States,2
Australia,Brazil,1
Australia,China,1
Australia,Denmark,1
Australia,France,1
Australia,Hungary,1
Australia,Indonesia,1
Australia,Japan,1
Australia,Latvia,1
Australia,Liechtenstein,1
Australia,Morocco,1
Australia,Singapore,1
Australia,Thailand,1
Australia,Vanuatu,1
Austria,Fiji,1
Austria,Germany,1
Austria,Italy,1
Austria,Japan,1
Austria,Slovakia,1
Belgium,Egypt,1
Belgium,France,1
Belgium,Luxembourg,1
Belgium,Romania,1
Belgium,United Kingdom,1
Bulgaria,Turkey,1
Canada,United States,9
Canada,Cuba,4
Canada,France,4
Canada,United Kingdom,3
Canada,Austria,2
Canada,Belgium,2
Canada,Costa Rica,2
Canada,Greece,2
Canada,Indonesia,2
Canada,Italy,2
Canada,Jamaica,2
Canada,Spain,2
Canada,Barbados,1
Canada,Belize,1
Canada,Bosnia Herzegovina,1
Canada,China,1
Canada,Hungary,1
Canada,Iceland,1
Canada,Korea North,1
Canada,Kuwait,1
Canada,Philippines,1
Canada,Singapore,1
Canada,St Kitts & Nevis,1
Canada,Thailand,1
Canada,Vietnam,1
Chile,Argentina,1
Chile,France,1
China,Australia,1
China,Norway,1
Colombia,Austria,1
Cuba,Denmark,1
Denmark,Denmark,1
Denmark,Italy,1
Estonia,Serbia,1
Finland,Turkey,2
Finland,Finland,1
Finland,France,1
Finland,Gambia,1
Finland,Latvia,1
France,Spain,2
France,Egypt,1
France,France,1
France,United Arab Emirates,1
France,United Kingdom,1
Germany,Morocco,2
Germany,Australia,1
Germany,Austria,1
Germany,Belgium,1
Germany,Italy,1
Germany,New Zealand,1
Germany,Philippines,1
Germany,United Arab Emirates,1
Germany,United Kingdom,1
Germany,United States,1
Iceland,Denmark,1
India,Sri Lanka,2
India,Bangladesh,1
India,Cambodia,1
India,Germany,1
India,Thailand,1
India,United States,1
India,Vatican City,1
Indonesia,China,1
Ireland {Republic},Congo {Democratic Rep},1
Ireland {Republic},Jamaica,1
Ireland {Republic},Netherlands,1
Ireland {Republic},Sri Lanka,1
Israel,Iran,1
Italy,Croatia,1
Korea South,Czech Republic,1
Lebanon,Slovakia,1
Malaysia,Indonesia,3
Malaysia,France,1
Malaysia,United Kingdom,1
Mauritius,Greece,1
Mexico,France,1
Netherlands,Spain,3
Netherlands,Serbia,2
Netherlands,Thailand,2
Netherlands,Austria,1
Netherlands,Belgium,1
Netherlands,Croatia,1
Netherlands,Dominican Republic,1
Netherlands,France,1
Netherlands,Hungary,1
Netherlands,Monaco,1
Netherlands,"Myanmar, {Burma}",1
Netherlands,Netherlands,1
Netherlands,Turkey,1
Netherlands,United States,1
New Zealand,Australia,1
New Zealand,Canada,1
New Zealand,Costa Rica,1
New Zealand,Italy,1
New Zealand,Malaysia,1
Norway,Sweden,2
Philippines,Jamaica,1
Philippines,Malaysia,1
Philippines,Monaco,1
Philippines,Vietnam,1
Poland,Turkey,1
Portugal,Belgium,1
Portugal,Germany,1
Portugal,Thailand,1
Portugal,United Kingdom,1
Romania,Sri Lanka,1
Romania,Sweden,1
Romania,United States,1
Russian Federation,Italy,1
Serbia,France,1
Singapore,China,1
Singapore,Korea South,1
Slovenia,Russian Federation,1
South Africa,China,1
South Africa,Thailand,1
Sweden,Italy,2
Sweden,Spain,2
Sweden,Belgium,1
Sweden,Croatia,1
Sweden,Denmark,1
Sweden,Switzerland,1
Sweden,Vietnam,1
Switzerland,Colombia,1
Switzerland,France,1
Switzerland,Germany,1
Switzerland,Hungary,1
Switzerland,Indonesia,1
Taiwan,France,1
Tunisia,Belgium,1
Turkey,Austria,1
Turkey,France,1
Ukraine,Egypt,1
United Kingdom,France,7
United Kingdom,Czech Republic,4
United Kingdom,Spain,4
United Kingdom,Italy,3
United Kingdom,Liechtenstein,2
United Kingdom,Malta,2
United Kingdom,Morocco,2
United Kingdom,Denmark,1
United Kingdom,Estonia,1
United Kingdom,Germany,1
United Kingdom,Ghana,1
United Kingdom,Greece,1
United Kingdom,Ireland {Republic},1
United Kingdom,Japan,1
United Kingdom,Malaysia,1
United Kingdom,Netherlands,1
United Kingdom,Norway,1
United Kingdom,Portugal,1
United Kingdom,Qatar,1
United Kingdom,Slovakia,1
United Kingdom,Thailand,1
United Kingdom,Turkey,1
United Kingdom,United States,1
United States,United States,29
United States,Mexico,18
United States,France,17
United States,Italy,16
United States,Belgium,14
United States,Canada,12
United States,United Kingdom,11
United States,Jamaica,9
United States,China,7
United States,Bahamas,6
United States,Netherlands,6
United States,Spain,6
United States,Austria,5
United States,Germany,5
United States,Costa Rica,4
United States,Ireland {Republic},4
United States,Slovakia,4
United States,Belize,3
United States,Chile,3
United States,Czech Republic,3
United States,Dominican Republic,3
United States,Japan,3
United States,Morocco,3
United States,Peru,3
United States,Philippines,3
United States,Taiwan,3
United States,Thailand,3
United States,Denmark,2
United States,Finland,2
United States,Greece,2
United States,Iceland,2
United States,Qatar,2
United States,South Africa,2
United States,United Arab Emirates,2
United States,Vatican City,2
United States,Antigua & Deps,1
United States,Argentina,1
United States,Australia,1
United States,Barbados,1
United States,Cambodia,1
United States,Colombia,1
United States,Ecuador,1
United States,El Salvador,1
United States,Fiji,1
United States,Honduras,1
United States,Hungary,1
United States,India,1
United States,Indonesia,1
United States,Israel,1
United States,Jordan,1
United States,Kenya,1
United States,Kuwait,1
United States,Laos,1
United States,Latvia,1
United States,Macedonia,1
United States,Malaysia,1
United States,Malta,1
United States,Monaco,1
United States,Nepal,1
United States,Pakistan,1
United States,Panama,1
United States,Portugal,1
United States,Serbia,1
United States,Sierra Leone,1
United States,Sweden,1
United States,Switzerland,1
United States,Tanzania,1
United States,Turkey,1
United States,Vietnam,1
United States,Zimbabwe,1
